{"sidebar":{"search-4":[],"categories-3":{"title":"Categories","count":0,"hierarchical":0,"dropdown":0}},"sidebar_shop":{"woocommerce_price_filter-2":{"title":"Filter by price"},"woocommerce_product_categories-2":{"title":"Product Categories","orderby":"name","dropdown":0,"count":"1","hierarchical":0,"show_children_only":0}},"slide_panel":{"text-3":{"title":"About Create","text":"Create is a multi-purpose WordPress theme that gives you the power to create many different styles of websites. \r\n\r\n<a href=\"your-url-goes-here\" class=\"fa fa-twitter\"><\/a><a href=\"your-url-goes-here\" class=\"fa fa-dribbble\"><\/a><a href=\"your-url-goes-here\" class=\"fa fa-instagram\"><\/a>","filter":true}},"footer":{"black-studio-tinymce-2":{"title":"","text":"<img class=\"alignleft size-full wp-image-197\" src=\"http:\/\/create.themetrust.com\/wp-content\/uploads\/2015\/06\/logo_light1.png\" alt=\"logo_light\" width=\"254\" height=\"102\" style=\"max-width: 120px !important; opacity: .3;\"\/>","type":"html","filter":"1"},"recent-posts-3":{"title":"Recent Posts","number":5,"show_date":false},"categories-4":{"title":"Categories","count":0,"hierarchical":0,"dropdown":0},"text-2":{"title":"About Create","text":"Create is a multi-purpose WordPress theme that gives you the power to create many different styles of websites. \r\n\r\n<a href=\"your-url-goes-here\" class=\"fa fa-twitter\"><\/a><a href=\"your-url-goes-here\" class=\"fa fa-dribbble\"><\/a><a href=\"your-url-goes-here\" class=\"fa fa-instagram\"><\/a>","filter":true}}}